Model,Accuracy,F1,Precision,Recall,Size,InferenceTime,TOPSIS Score,Rank
BERT,0.92,0.91,0.9,0.91,420,120,0.32862902721096166,3.0
RoBERTa,0.94,0.93,0.92,0.93,500,150,0.09965405313671337,5.0
DistilBERT,0.9,0.89,0.88,0.89,250,80,0.84435229227654,2.0
ALBERT,0.89,0.88,0.87,0.88,200,75,0.9003459468632866,1.0
XLNet,0.91,0.9,0.89,0.9,480,140,0.10698097537548637,4.0
